video_name,video_id,state_accuracy,object_accuracy,using_tool_time,total_time
video_01,1,0.5527426160337553,0.0,8.9,23.732041666666664
video_04,4,0.835,0.0,16.7,20.003
video_05,5,0.696969696969697,0.0,12.0,23.17315
video_17,17,1.0,0.2,10.0,10.051708333333332
video_18,18,0.0958904109589041,0.0,0.4,14.666
video_21,21,0.72,0.0,9.0,12.55
video_22,22,0.9478260869565217,0.0,18.3,23.033333333333335
video_30,30,0.5217391304347826,0.5976039464411558,141.9,450.86708333333337
