video_name,video_id,state_accuracy,total_time
video_01,1,0.5527426160337553,23.732041666666664
video_04,4,0.835,20.003
video_05,5,0.658008658008658,23.17315
video_17,17,1.0,10.051708333333332
video_18,18,0.0958904109589041,14.666
video_21,21,0.656,12.55
video_22,22,0.9478260869565217,23.033333333333335
