video_name,video_id,state_accuracy,total_time
video_30,30,0.5217391304347826,450.86708333333337
